,,,,AUROC,AUROC,AUROC,AUROC,AUROC,AUROC,AUPR,AUPR,AUPR,AUPR,AUPR,AUPR,TPR@5FPR,TPR@5FPR,TPR@5FPR,TPR@5FPR,TPR@5FPR,TPR@5FPR,n_test_attack,n_test_attack,n_test_attack,n_test_attack,n_test_attack,n_test_attack
,,,,mean,std,median,min,max,count,mean,std,median,min,max,count,mean,std,median,min,max,count,mean,std,median,min,max,count
protocol,train_attack,test_attack,detector,,,,,,,,,,,,,,,,,,,,,,,,
base_sanity,base,base,all_level_fused,0.9903809000000001,0.012513429778904706,0.99567,0.952668,0.999606,20,0.9821682330625403,0.02180770761907247,0.9913633121341419,0.9214814333292093,0.99922248395362,20,0.9606,0.056419854661280355,0.982,0.768,1.0,20,500.0,0.0,500.0,500,500,20
base_sanity,base,base,llm_trajectory,0.8766429,0.08439741803851837,0.913616,0.679348,0.97669,20,0.8059005051701845,0.11122937770527856,0.8449320960511055,0.6314839450440483,0.9608621073951741,20,0.5717,0.19804547590469163,0.639,0.164,0.888,20,500.0,0.0,500.0,500,500,20
base_sanity,base,base,projector_trajectory,0.929603,0.05019784124316192,0.9393659999999999,0.7715099999999999,0.9873320000000001,20,0.8918659142542076,0.06772078188057498,0.9045019965333188,0.6984074966440723,0.9787105557573627,20,0.7335,0.13807072939544238,0.748,0.416,0.944,20,500.0,0.0,500.0,500,500,20
base_sanity,base,base,visual_trajectory,0.9972055000000001,0.004129362477875287,0.999276,0.990286,0.999984,20,0.9941344692917042,0.008700181315704082,0.9985085396956288,0.9795528066882057,0.9999679910873538,20,0.9949999999999999,0.007745966692414847,0.999,0.982,1.0,20,500.0,0.0,500.0,500,500,20
caa_aware,caa,caa,all_level_fused,0.9348818496162851,0.03469232275616674,0.949792,0.8732054012747137,0.9762900000000001,20,0.9253110690919438,0.03511302609090905,0.9376984806344698,0.8610793530170789,0.967185035984801,20,0.8232943548387096,0.06835018321651283,0.822,0.7157258064516129,0.936,20,499.0,1.7770466332772779,500.0,496,500,20
caa_aware,caa,caa,llm_trajectory,0.82443693230359,0.07216263111724197,0.8253440000000001,0.702806,0.9354,20,0.739188712814303,0.12217487219431845,0.7151981737955868,0.4853018430443599,0.9116966417023411,20,0.47972983870967745,0.2016925004758639,0.44999999999999996,0.104,0.786,20,499.0,1.7770466332772779,500.0,496,500,20
caa_aware,caa,caa,projector_trajectory,0.8224001173647242,0.05841926309889113,0.8089555150884495,0.7489159999999999,0.9256260000000001,20,0.7557217659173836,0.09461111945550496,0.7375189031262925,0.5988445777412796,0.9043533261769721,20,0.48395967741935486,0.17275957169501785,0.4335403225806451,0.23790322580645162,0.77,20,499.0,1.7770466332772779,500.0,496,500,20
caa_aware,caa,caa,visual_trajectory,0.9462476563475546,0.031613372628292724,0.9529169999999999,0.8988846253902185,0.9802719999999999,20,0.9503952307061605,0.028046621431230778,0.9569880013854702,0.9083366108811093,0.9792683091725921,20,0.9041733870967741,0.0469771449928433,0.9139999999999999,0.8366935483870968,0.952,20,499.0,1.7770466332772779,500.0,496,500,20
caa_unseen_base_dir,base,caa,all_level_fused,0.9300350976716961,0.033820886014424505,0.9403514405567117,0.8745860000000001,0.9821819999999999,20,0.8745120310255615,0.07332456637775618,0.8914823395469651,0.7289928086323794,0.9698791653837274,20,0.6977241935483871,0.17099652558260703,0.753,0.3548387096774194,0.93,20,499.0,1.7770466332772779,500.0,496,500,20
caa_unseen_base_dir,base,caa,llm_trajectory,0.7458594445109261,0.12531003880753788,0.6966811677939646,0.594712,0.922578,20,0.6090376024180759,0.207952745264439,0.4784395341389459,0.3985137785144143,0.9048434221890543,20,0.3198677419354839,0.2915275025666098,0.11448387096774193,0.05,0.78,20,499.0,1.7770466332772779,500.0,496,500,20
caa_unseen_base_dir,base,caa,projector_trajectory,0.6585560675338189,0.1728863426377989,0.628004,0.44281200000000004,0.873246,20,0.5306014927956854,0.22369390703001701,0.42142067023115015,0.3013949698846127,0.8391695712105909,20,0.25208548387096774,0.2531604547888287,0.08136290322580644,0.022,0.636,20,499.0,1.7770466332772779,500.0,496,500,20
caa_unseen_base_dir,base,caa,visual_trajectory,0.9755755221774194,0.014271151743559978,0.9763040443548388,0.956196,0.993498,20,0.9588589401194586,0.028504381843190898,0.9587819549317951,0.9261571533505111,0.9917146972637331,20,0.930266129032258,0.03803964810962174,0.9319999999999999,0.8830645161290323,0.974,20,499.0,1.7770466332772779,500.0,496,500,20
cage_aware,cage,cage,all_level_fused,0.9977775,0.003799460896661955,0.9998619999999999,0.9886320000000001,1.0,20,0.9954018139523868,0.008289057628961937,0.9997439718838079,0.9720767582291393,1.0,20,0.9911,0.019460891957705208,1.0,0.92,1.0,20,500.0,0.0,500.0,500,500,20
cage_aware,cage,cage,llm_trajectory,0.9803826000000001,0.02123127274465414,0.9906630000000001,0.9378580000000001,0.9999779999999999,20,0.9598144249917133,0.04517110548221755,0.9789273869677122,0.8538238524231939,0.9999563487339287,20,0.8974,0.14231336808902426,0.957,0.472,1.0,20,500.0,0.0,500.0,500,500,20
cage_aware,cage,cage,projector_trajectory,0.9836121,0.03056271040250472,0.99678,0.889236,0.9999739999999999,20,0.974402633974233,0.044005928807704354,0.9941090548886002,0.8455630218599961,0.9999482295715365,20,0.9362999999999999,0.11726941540518433,0.99,0.614,1.0,20,500.0,0.0,500.0,500,500,20
cage_aware,cage,cage,visual_trajectory,0.9992274999999999,0.0012957585666928443,0.999934,0.997042,1.0,20,0.9985175649491829,0.002484049658319677,0.9998711461048322,0.9943279675870675,1.0,20,0.998,0.0035540932665545613,1.0,0.992,1.0,20,500.0,0.0,500.0,500,500,20
cage_unseen_base_dir,base,cage,all_level_fused,0.9918547,0.009925445412781493,0.998354,0.971526,1.0,20,0.983069688731875,0.020699331815608193,0.9966680392844819,0.9320922920938841,1.0,20,0.9682000000000001,0.041018096134831934,0.994,0.88,1.0,20,500.0,0.0,500.0,500,500,20
cage_unseen_base_dir,base,cage,llm_trajectory,0.8507450999999999,0.10788876289659592,0.849502,0.67605,0.9969319999999999,20,0.759862261431369,0.1609607211366618,0.7440495262871508,0.5472450081317295,0.9940294597985222,20,0.5126000000000001,0.3061771760890983,0.438,0.144,0.994,20,500.0,0.0,500.0,500,500,20
cage_unseen_base_dir,base,cage,projector_trajectory,0.8362993,0.10922678465665635,0.8668469999999999,0.624598,0.9654739999999999,20,0.7448164933801807,0.14435496082614815,0.7421349682582832,0.4882272696895448,0.9349988368763144,20,0.4758,0.2277671017324033,0.41000000000000003,0.142,0.808,20,500.0,0.0,500.0,500,500,20
cage_unseen_base_dir,base,cage,visual_trajectory,0.999184,0.0013799038868131986,0.99994,0.996856,1.0,20,0.9984249440632578,0.0026576040090459845,0.9998790614779781,0.9939416532970751,1.0,20,0.9974999999999999,0.00444261658319319,1.0,0.99,1.0,20,500.0,0.0,500.0,500,500,20
fata_aware,fata,fata,all_level_fused,0.9370877999999999,0.027309463267480977,0.943087,0.8755740000000001,0.9749279999999999,20,0.8781327527036152,0.04752941059133226,0.8914652426618062,0.7738920640156453,0.9522981025917157,20,0.6927,0.11463126238417456,0.712,0.498,0.876,20,500.0,0.0,500.0,500,500,20
fata_aware,fata,fata,llm_trajectory,0.7619805,0.07493258192008687,0.770761,0.616834,0.871418,20,0.6195633344322612,0.09680734849644887,0.607931279246048,0.44512812036913313,0.7599460405967157,20,0.2782,0.12895678590744633,0.247,0.088,0.544,20,500.0,0.0,500.0,500,500,20
fata_aware,fata,fata,projector_trajectory,0.7553740999999999,0.055692669299232576,0.769342,0.633446,0.8458580000000001,20,0.6226998464946253,0.07530208172392663,0.6212674451133611,0.46291648867206137,0.7439434027919403,20,0.2846,0.09069114736580589,0.273,0.128,0.442,20,500.0,0.0,500.0,500,500,20
fata_aware,fata,fata,visual_trajectory,0.9900459999999999,0.005457583425116391,0.990352,0.983312,0.9961679999999999,20,0.9678283674449777,0.021369969519535466,0.9725328531800252,0.9351985458469931,0.9910492175728673,20,0.9789999999999999,0.019547512966050087,0.978,0.96,1.0,20,500.0,0.0,500.0,500,500,20
fata_unseen_base_dir,base,fata,all_level_fused,0.9347213,0.030668891101227457,0.941603,0.8570859999999999,0.97356,20,0.8699692132400878,0.054011601039385786,0.8850284536615971,0.751188013874814,0.9362003487429824,20,0.6771,0.11886210497883676,0.703,0.47,0.89,20,500.0,0.0,500.0,500,500,20
fata_unseen_base_dir,base,fata,llm_trajectory,0.7340361,0.08113639444910037,0.730739,0.596544,0.848292,20,0.5816079327766369,0.11098100930746838,0.5754449534971731,0.4232840264979738,0.7747346898416424,20,0.2472,0.13794644269654646,0.235,0.078,0.522,20,500.0,0.0,500.0,500,500,20
fata_unseen_base_dir,base,fata,projector_trajectory,0.7161918,0.05838148512165929,0.72398,0.623378,0.809974,20,0.5666858011680278,0.07296881903680569,0.5623145617348024,0.46222871837401447,0.7011926301217007,20,0.2209,0.08166033631032747,0.186,0.126,0.41,20,500.0,0.0,500.0,500,500,20
fata_unseen_base_dir,base,fata,visual_trajectory,0.98859,0.007943928234159323,0.988664,0.97807,0.998962,20,0.9688179706166009,0.025429593789611866,0.9725182738502232,0.9325283466529357,0.9977069881130217,20,0.974,0.020261449005179143,0.975,0.946,1.0,20,500.0,0.0,500.0,500,500,20
