method,dataset,token_budget,protocol,train_pos,test_pos,negative_set,llm_pool,n_train_neg,n_train_pos,detector,scope,n_test_neg,n_test_pos,test_neg_score_mean,test_pos_score_mean,test_neg_score_median,test_pos_score_median,AUROC,AUPR,TPR@5FPR
DivPrune,ScienceQA_MC,32,base_sanity,base,base,clean_clip_random_clip,image,1000,500,visual_trajectory,stage_trajectory,1000,500,0.007487558017921629,5.467226388403708,-0.08201838788952276,5.43056052962857,0.9987180000000001,0.9973436053413159,0.998
DivPrune,ScienceQA_MC,32,base_sanity,base,base,clean_clip_random_clip,image,1000,500,projector_trajectory,stage_trajectory,1000,500,-0.1412074344807885,1.7400438483032301,-0.3432598388463699,1.4759242594791804,0.84952,0.7753954363056219,0.464
DivPrune,ScienceQA_MC,32,base_sanity,base,base,clean_clip_random_clip,image,1000,500,llm_trajectory,stage_trajectory,1000,500,-0.14210328612627718,0.7573815686710871,-0.21738882428077597,0.9941366206779623,0.7421,0.6558944580575747,0.342
DivPrune,ScienceQA_MC,32,base_sanity,base,base,clean_clip_random_clip,image,1000,500,all_level_fused,fused,1000,500,-0.11708246262258533,3.3808656189405237,-0.19093818307793353,3.3753580451047425,0.984172,0.9715515823802339,0.902
DivPrune,ScienceQA_MC,32,fata_unseen_base_dir,base,fata,clean_clip_random_clip,image,1000,500,visual_trajectory,stage_trajectory,1000,500,0.007487558017921629,3.4110006432681748,-0.08201838788952276,3.188382275574899,0.9853820000000001,0.9607193864920125,0.968
DivPrune,ScienceQA_MC,32,fata_unseen_base_dir,base,fata,clean_clip_random_clip,image,1000,500,projector_trajectory,stage_trajectory,1000,500,-0.1412074344807885,0.3597449700980377,-0.3432598388463699,0.16614721529973192,0.6306019999999999,0.48081433930608847,0.156
DivPrune,ScienceQA_MC,32,fata_unseen_base_dir,base,fata,clean_clip_random_clip,image,1000,500,llm_trajectory,stage_trajectory,1000,500,-0.14210328612627718,0.23681051511203746,-0.21738882428077597,0.46174196727964956,0.6216520000000001,0.4434289273756731,0.1
DivPrune,ScienceQA_MC,32,fata_unseen_base_dir,base,fata,clean_clip_random_clip,image,1000,500,all_level_fused,fused,1000,500,-0.11708246262258533,1.7011426314453222,-0.19093818307793353,1.664440923901538,0.887918,0.8008814582645354,0.5
DivPrune,ScienceQA_MC,32,fata_aware,fata,fata,clean_clip_random_clip,image,1000,500,visual_trajectory,stage_trajectory,1000,500,-0.013361307414977317,3.4748678291233905,-0.3169931853439568,3.2417595877401526,0.986468,0.9659302113084112,0.96
DivPrune,ScienceQA_MC,32,fata_aware,fata,fata,clean_clip_random_clip,image,1000,500,projector_trajectory,stage_trajectory,1000,500,-0.11126423099127376,0.33787928305928017,-0.48429227910801786,0.3258542846386051,0.633446,0.46291648867206137,0.128
DivPrune,ScienceQA_MC,32,fata_aware,fata,fata,clean_clip_random_clip,image,1000,500,llm_trajectory,stage_trajectory,1000,500,-0.12078822322598678,0.24230665296269568,-0.32439279683828004,0.619000090522708,0.627812,0.49234245672056226,0.17
DivPrune,ScienceQA_MC,32,fata_aware,fata,fata,clean_clip_random_clip,image,1000,500,all_level_fused,fused,1000,500,-0.10417829313995096,1.7213728237319943,-0.21662401971006864,1.7963840971164506,0.8896439999999999,0.8254382333166841,0.582
DivPrune,TextVQA_Open,64,base_sanity,base,base,clean_clip_random_clip,image,1000,500,visual_trajectory,stage_trajectory,1000,500,-0.008582576844006767,4.176932857396317,-0.07754323974731617,4.267538379690414,0.990286,0.9795528066882057,0.982
DivPrune,TextVQA_Open,64,base_sanity,base,base,clean_clip_random_clip,image,1000,500,projector_trajectory,stage_trajectory,1000,500,-0.02740153873663771,1.171480583726069,-0.23735075910016373,1.1348277475120176,0.7715099999999999,0.6984074966440723,0.416
DivPrune,TextVQA_Open,64,base_sanity,base,base,clean_clip_random_clip,image,1000,500,llm_trajectory,stage_trajectory,1000,500,-0.023618570096781887,0.5252051359808535,0.028373762326651578,0.7306306202148227,0.679348,0.6314839450440483,0.386
DivPrune,TextVQA_Open,64,base_sanity,base,base,clean_clip_random_clip,image,1000,500,all_level_fused,fused,1000,500,-0.02377509707131239,2.342945628092427,-0.05350772173642045,2.4305732290218067,0.952668,0.9214814333292093,0.768
DivPrune,TextVQA_Open,64,fata_unseen_base_dir,base,fata,clean_clip_random_clip,image,1000,500,visual_trajectory,stage_trajectory,1000,500,-0.008582576844006767,2.7545264179693802,-0.07754323974731617,2.7650368819425015,0.97807,0.9325283466529357,0.946
DivPrune,TextVQA_Open,64,fata_unseen_base_dir,base,fata,clean_clip_random_clip,image,1000,500,projector_trajectory,stage_trajectory,1000,500,-0.02740153873663771,0.3874081685011501,-0.23735075910016373,0.3711759541029541,0.62446,0.46222871837401447,0.152
DivPrune,TextVQA_Open,64,fata_unseen_base_dir,base,fata,clean_clip_random_clip,image,1000,500,llm_trajectory,stage_trajectory,1000,500,-0.023618570096781887,0.25463813089444126,0.028373762326651578,0.5684200302166478,0.596544,0.435607619051699,0.116
DivPrune,TextVQA_Open,64,fata_unseen_base_dir,base,fata,clean_clip_random_clip,image,1000,500,all_level_fused,fused,1000,500,-0.02377509707131239,1.35486925039198,-0.05350772173642045,1.4038579321646865,0.8570859999999999,0.751188013874814,0.494
DivPrune,TextVQA_Open,64,fata_aware,fata,fata,clean_clip_random_clip,image,1000,500,visual_trajectory,stage_trajectory,1000,500,-0.0050141029164495875,2.9185454808903204,-0.08552121912088466,2.9121975292847546,0.983312,0.9351985458469931,0.96
DivPrune,TextVQA_Open,64,fata_aware,fata,fata,clean_clip_random_clip,image,1000,500,projector_trajectory,stage_trajectory,1000,500,-0.05449925674912089,0.44225723504222386,-0.2703810067027361,0.3452349493755836,0.64742,0.4857362367960011,0.178
DivPrune,TextVQA_Open,64,fata_aware,fata,fata,clean_clip_random_clip,image,1000,500,llm_trajectory,stage_trajectory,1000,500,-0.017244828070597285,0.32927174876753507,0.032619776578944465,0.5774010004215039,0.616834,0.4623882324850973,0.136
DivPrune,TextVQA_Open,64,fata_aware,fata,fata,clean_clip_random_clip,image,1000,500,all_level_fused,fused,1000,500,-0.030457448102093544,1.4642118947332317,-0.09637895107201999,1.4625662324672888,0.8755740000000001,0.7738920640156453,0.498
DivPrune,VQAv2_MC,32,base_sanity,base,base,clean_clip_random_clip,image,1000,500,visual_trajectory,stage_trajectory,1000,500,-0.024492243659388093,7.165702193591996,-0.024589467625835318,7.235907722941541,0.999984,0.9999679910873538,1.0
DivPrune,VQAv2_MC,32,base_sanity,base,base,clean_clip_random_clip,image,1000,500,projector_trajectory,stage_trajectory,1000,500,0.013383655912397197,2.01600754640336,-0.08464579326302829,2.0850560763006163,0.8666639999999999,0.8193782676143857,0.586
DivPrune,VQAv2_MC,32,base_sanity,base,base,clean_clip_random_clip,image,1000,500,llm_trajectory,stage_trajectory,1000,500,0.03400199821847778,0.8639036818323163,0.37594561396549925,1.1304934707989258,0.74119,0.6362141429193955,0.276
DivPrune,VQAv2_MC,32,base_sanity,base,base,clean_clip_random_clip,image,1000,500,all_level_fused,fused,1000,500,0.009641989502508353,4.230898636974843,0.023261071085087806,4.34548058895369,0.99645,0.9936740867321068,0.978
DivPrune,VQAv2_MC,32,fata_unseen_base_dir,base,fata,clean_clip_random_clip,image,1000,500,visual_trajectory,stage_trajectory,1000,500,-0.024492243659388093,4.197914388071382,-0.024589467625835318,4.111203079454697,0.998962,0.9977069881130217,1.0
DivPrune,VQAv2_MC,32,fata_unseen_base_dir,base,fata,clean_clip_random_clip,image,1000,500,projector_trajectory,stage_trajectory,1000,500,0.013383655912397197,0.545839310561041,-0.08464579326302829,0.45927679087382556,0.6383559999999999,0.4767327649113424,0.144
DivPrune,VQAv2_MC,32,fata_unseen_base_dir,base,fata,clean_clip_random_clip,image,1000,500,llm_trajectory,stage_trajectory,1000,500,0.03400199821847778,0.4464385699241309,0.37594561396549925,0.6553039030745541,0.621116,0.4232840264979738,0.092
DivPrune,VQAv2_MC,32,fata_unseen_base_dir,base,fata,clean_clip_random_clip,image,1000,500,all_level_fused,fused,1000,500,0.009641989502508353,2.1859468877190875,0.023261071085087806,2.2423205921190386,0.9357619999999999,0.9007985909611728,0.722
DivPrune,VQAv2_MC,32,fata_aware,fata,fata,clean_clip_random_clip,image,1000,500,visual_trajectory,stage_trajectory,1000,500,0.09095638229060063,3.8167695723995494,0.024877211184870317,3.8315718032582238,0.9961679999999999,0.9910492175728673,0.996
DivPrune,VQAv2_MC,32,fata_aware,fata,fata,clean_clip_random_clip,image,1000,500,projector_trajectory,stage_trajectory,1000,500,0.0017929223708655969,0.4717444676389554,0.38615484314288173,0.8587025008493521,0.656258,0.5108739680654946,0.176
DivPrune,VQAv2_MC,32,fata_aware,fata,fata,clean_clip_random_clip,image,1000,500,llm_trajectory,stage_trajectory,1000,500,0.014206851262380006,0.42170165599992593,0.5478420860641162,0.7365859180427166,0.631114,0.44512812036913313,0.088
DivPrune,VQAv2_MC,32,fata_aware,fata,fata,clean_clip_random_clip,image,1000,500,all_level_fused,fused,1000,500,0.044287964806448046,1.95038672786126,0.29190006553589787,2.224094811565426,0.917026,0.8914605518294803,0.75
DivPrune,VQAv2_Open,64,base_sanity,base,base,clean_clip_random_clip,image,1000,500,visual_trajectory,stage_trajectory,1000,500,-0.036817871056919214,7.214718220999808,-0.08417969668898871,7.321655458801038,0.999834,0.9996734740499416,1.0
DivPrune,VQAv2_Open,64,base_sanity,base,base,clean_clip_random_clip,image,1000,500,projector_trajectory,stage_trajectory,1000,500,-0.041313620187139605,2.592073135656523,-0.25274234894651715,2.4947768463406867,0.941402,0.8995502468854346,0.7
DivPrune,VQAv2_Open,64,base_sanity,base,base,clean_clip_random_clip,image,1000,500,llm_trajectory,stage_trajectory,1000,500,-0.19005337995936014,1.1176539356463768,-0.4959475256293836,1.1677537185877553,0.8039499999999999,0.6944710169139596,0.398
DivPrune,VQAv2_Open,64,base_sanity,base,base,clean_clip_random_clip,image,1000,500,all_level_fused,fused,1000,500,-0.11320752729903653,4.611481002286393,-0.3141684310174131,4.535819118995216,0.997606,0.9948061309201375,0.994
DivPrune,VQAv2_Open,64,fata_unseen_base_dir,base,fata,clean_clip_random_clip,image,1000,500,visual_trajectory,stage_trajectory,1000,500,-0.036817871056919214,4.074892950259062,-0.08417969668898871,4.151759699269142,0.991946,0.9843171612084339,0.982
DivPrune,VQAv2_Open,64,fata_unseen_base_dir,base,fata,clean_clip_random_clip,image,1000,500,projector_trajectory,stage_trajectory,1000,500,-0.041313620187139605,0.6099841097593192,-0.25274234894651715,0.41539720812554803,0.6829240000000001,0.5254220802909413,0.186
DivPrune,VQAv2_Open,64,fata_unseen_base_dir,base,fata,clean_clip_random_clip,image,1000,500,llm_trajectory,stage_trajectory,1000,500,-0.19005337995936014,0.39816585617552164,-0.4959475256293836,0.2989103885938381,0.662892,0.48287251447923274,0.136
DivPrune,VQAv2_Open,64,fata_unseen_base_dir,base,fata,clean_clip_random_clip,image,1000,500,all_level_fused,fused,1000,500,-0.11320752729903653,2.1456792738346664,-0.3141684310174131,2.1135003714194625,0.934078,0.8645667688321625,0.64
DivPrune,VQAv2_Open,64,fata_aware,fata,fata,clean_clip_random_clip,image,1000,500,visual_trajectory,stage_trajectory,1000,500,-0.10042535248161033,3.5957066263305024,-0.17764810113552296,3.548270356897766,0.994236,0.9791354950516392,1.0
DivPrune,VQAv2_Open,64,fata_aware,fata,fata,clean_clip_random_clip,image,1000,500,projector_trajectory,stage_trajectory,1000,500,-0.2871709709437068,0.5536830329872843,-0.5247388238645124,0.35281281007480414,0.71632,0.5720655295974443,0.21
DivPrune,VQAv2_Open,64,fata_aware,fata,fata,clean_clip_random_clip,image,1000,500,llm_trajectory,stage_trajectory,1000,500,-0.3036126604921818,0.35867218565455233,-0.6380367269709677,0.3897051419483668,0.684964,0.5331837662193218,0.188
DivPrune,VQAv2_Open,64,fata_aware,fata,fata,clean_clip_random_clip,image,1000,500,all_level_fused,fused,1000,500,-0.2815671898005536,1.8363799294707426,-0.41500974060447104,1.7964208905759693,0.919144,0.8540110289802488,0.578
FlowCut,ScienceQA_MC,32,base_sanity,base,base,clean_clip_random_clip,image,1000,500,visual_trajectory,stage_trajectory,1000,500,0.007487558017921629,5.467226388403708,-0.08201838788952276,5.43056052962857,0.9987180000000001,0.9973436053413159,0.998
FlowCut,ScienceQA_MC,32,base_sanity,base,base,clean_clip_random_clip,image,1000,500,projector_trajectory,stage_trajectory,1000,500,-0.019604299853727553,2.9455292863387967,-0.0018661617713107374,2.6994247189742806,0.931722,0.9018707454403309,0.74
FlowCut,ScienceQA_MC,32,base_sanity,base,base,clean_clip_random_clip,image,1000,500,llm_trajectory,stage_trajectory,1000,500,-0.0489302859560943,3.253633183095907,-0.07035089181729855,3.23901162743826,0.97669,0.9608621073951741,0.888
FlowCut,ScienceQA_MC,32,base_sanity,base,base,clean_clip_random_clip,image,1000,500,all_level_fused,fused,1000,500,-0.025864846375612132,4.942900031018046,-0.13100732716233449,4.877551727654602,0.996562,0.9932510226010594,0.98
FlowCut,ScienceQA_MC,32,fata_unseen_base_dir,base,fata,clean_clip_random_clip,image,1000,500,visual_trajectory,stage_trajectory,1000,500,0.007487558017921629,3.4110006432681748,-0.08201838788952276,3.188382275574899,0.9853820000000001,0.9607193864920125,0.968
FlowCut,ScienceQA_MC,32,fata_unseen_base_dir,base,fata,clean_clip_random_clip,image,1000,500,projector_trajectory,stage_trajectory,1000,500,-0.019604299853727553,1.0351666537935666,-0.0018661617713107374,0.7603237460015532,0.7200320000000001,0.6028647391421433,0.268
FlowCut,ScienceQA_MC,32,fata_unseen_base_dir,base,fata,clean_clip_random_clip,image,1000,500,llm_trajectory,stage_trajectory,1000,500,-0.0489302859560943,1.6528521422002673,-0.07035089181729855,1.6209273514995584,0.848292,0.7747346898416424,0.522
FlowCut,ScienceQA_MC,32,fata_unseen_base_dir,base,fata,clean_clip_random_clip,image,1000,500,all_level_fused,fused,1000,500,-0.025864846375612132,2.584076678984756,-0.13100732716233449,2.4629053287977487,0.9518239999999999,0.8974747685462166,0.704
FlowCut,ScienceQA_MC,32,fata_aware,fata,fata,clean_clip_random_clip,image,1000,500,visual_trajectory,stage_trajectory,1000,500,-0.013361307414977317,3.4748678291233905,-0.3169931853439568,3.2417595877401526,0.986468,0.9659302113084112,0.96
FlowCut,ScienceQA_MC,32,fata_aware,fata,fata,clean_clip_random_clip,image,1000,500,projector_trajectory,stage_trajectory,1000,500,-0.038548445983198655,1.2106726288416294,-0.24724897472231136,0.9216356468913915,0.79569,0.6435681131299394,0.226
FlowCut,ScienceQA_MC,32,fata_aware,fata,fata,clean_clip_random_clip,image,1000,500,llm_trajectory,stage_trajectory,1000,500,-0.03385263504474464,1.8242344298914255,-0.20537042664920985,1.3852751601218622,0.871418,0.7599460405967157,0.426
FlowCut,ScienceQA_MC,32,fata_aware,fata,fata,clean_clip_random_clip,image,1000,500,all_level_fused,fused,1000,500,-0.034516100012700265,2.619936841415769,-0.23594740988604734,2.339871845703537,0.95621,0.8914699334941322,0.596
FlowCut,TextVQA_Open,64,base_sanity,base,base,clean_clip_random_clip,image,1000,500,visual_trajectory,stage_trajectory,1000,500,-0.008582576844006767,4.176932857396317,-0.07754323974731617,4.267538379690414,0.990286,0.9795528066882057,0.982
FlowCut,TextVQA_Open,64,base_sanity,base,base,clean_clip_random_clip,image,1000,500,projector_trajectory,stage_trajectory,1000,500,0.045681534190756067,2.456706556783605,-0.021424597391332227,2.416291260294409,0.9204860000000001,0.8848223269351814,0.686
FlowCut,TextVQA_Open,64,base_sanity,base,base,clean_clip_random_clip,image,1000,500,llm_trajectory,stage_trajectory,1000,500,1.5380367420982923e-05,2.511620380926827,-0.01148567963001092,2.4304390623625807,0.9531919999999999,0.9261968146329376,0.814
FlowCut,TextVQA_Open,64,base_sanity,base,base,clean_clip_random_clip,image,1000,500,all_level_fused,fused,1000,500,0.016274692686563248,4.010210120153075,-0.029676538359406097,3.9972978330623206,0.994708,0.9894756016672245,0.988
FlowCut,TextVQA_Open,64,fata_unseen_base_dir,base,fata,clean_clip_random_clip,image,1000,500,visual_trajectory,stage_trajectory,1000,500,-0.008582576844006767,2.7545264179693802,-0.07754323974731617,2.7650368819425015,0.97807,0.9325283466529357,0.946
FlowCut,TextVQA_Open,64,fata_unseen_base_dir,base,fata,clean_clip_random_clip,image,1000,500,projector_trajectory,stage_trajectory,1000,500,0.045681534190756067,0.7619533647851631,-0.021424597391332227,0.7206248271461295,0.6962820000000001,0.5434581897671722,0.178
FlowCut,TextVQA_Open,64,fata_unseen_base_dir,base,fata,clean_clip_random_clip,image,1000,500,llm_trajectory,stage_trajectory,1000,500,1.5380367420982923e-05,0.8946801844963729,-0.01148567963001092,0.8618309478930166,0.7385980000000001,0.5806428574328508,0.232
FlowCut,TextVQA_Open,64,fata_unseen_base_dir,base,fata,clean_clip_random_clip,image,1000,500,all_level_fused,fused,1000,500,0.016274692686563248,1.9343002537498988,-0.029676538359406097,1.866321845808233,0.9339259999999999,0.8637549859104701,0.702
FlowCut,TextVQA_Open,64,fata_aware,fata,fata,clean_clip_random_clip,image,1000,500,visual_trajectory,stage_trajectory,1000,500,-0.0050141029164495875,2.9185454808903204,-0.08552121912088466,2.9121975292847546,0.983312,0.9351985458469931,0.96
FlowCut,TextVQA_Open,64,fata_aware,fata,fata,clean_clip_random_clip,image,1000,500,projector_trajectory,stage_trajectory,1000,500,0.03842545378147317,1.0831698682749156,-0.03995245137487424,0.9343677236968837,0.769226,0.6059034449233043,0.214
FlowCut,TextVQA_Open,64,fata_aware,fata,fata,clean_clip_random_clip,image,1000,500,llm_trajectory,stage_trajectory,1000,500,-0.008626738151290824,1.0602201576027301,-0.11194709794056387,0.9617768933909552,0.7811480000000001,0.6238695834160575,0.262
FlowCut,TextVQA_Open,64,fata_aware,fata,fata,clean_clip_random_clip,image,1000,500,all_level_fused,fused,1000,500,0.010539588157479315,2.1525741046377087,-0.09366121706233027,2.1954728199477063,0.940708,0.8650439759226362,0.706
FlowCut,VQAv2_MC,32,base_sanity,base,base,clean_clip_random_clip,image,1000,500,visual_trajectory,stage_trajectory,1000,500,-0.024492243659388093,7.165702193591996,-0.024589467625835318,7.235907722941541,0.999984,0.9999679910873538,1.0
FlowCut,VQAv2_MC,32,base_sanity,base,base,clean_clip_random_clip,image,1000,500,projector_trajectory,stage_trajectory,1000,500,-0.05793485207478929,2.4162071825474203,-0.0751856311098879,2.453760260646802,0.9221619999999999,0.8882990379360121,0.712
FlowCut,VQAv2_MC,32,base_sanity,base,base,clean_clip_random_clip,image,1000,500,llm_trajectory,stage_trajectory,1000,500,0.07315568936640622,2.422137443081151,0.029809267291003246,2.329424585102742,0.9113220000000001,0.8552660267625203,0.602
FlowCut,VQAv2_MC,32,base_sanity,base,base,clean_clip_random_clip,image,1000,500,all_level_fused,fused,1000,500,-0.004451800715823367,5.763917803058181,-0.03665403917185583,5.719634473555931,0.999502,0.999039610657942,0.998
FlowCut,VQAv2_MC,32,fata_unseen_base_dir,base,fata,clean_clip_random_clip,image,1000,500,visual_trajectory,stage_trajectory,1000,500,-0.024492243659388093,4.197914388071382,-0.024589467625835318,4.111203079454697,0.998962,0.9977069881130217,1.0
FlowCut,VQAv2_MC,32,fata_unseen_base_dir,base,fata,clean_clip_random_clip,image,1000,500,projector_trajectory,stage_trajectory,1000,500,-0.05793485207478929,0.3922889381937891,-0.0751856311098879,0.3964051683382349,0.623378,0.468246009841071,0.126
FlowCut,VQAv2_MC,32,fata_unseen_base_dir,base,fata,clean_clip_random_clip,image,1000,500,llm_trajectory,stage_trajectory,1000,500,0.07315568936640622,0.9250645462584018,0.029809267291003246,0.8127021169440845,0.675924,0.5555280440483732,0.238
FlowCut,VQAv2_MC,32,fata_unseen_base_dir,base,fata,clean_clip_random_clip,image,1000,500,all_level_fused,fused,1000,500,-0.004451800715823367,2.6482361455115977,-0.03665403917185583,2.5487006810832407,0.9478800000000001,0.9143301465638595,0.742
FlowCut,VQAv2_MC,32,fata_aware,fata,fata,clean_clip_random_clip,image,1000,500,visual_trajectory,stage_trajectory,1000,500,0.09095638229060063,3.8167695723995494,0.024877211184870317,3.8315718032582238,0.9961679999999999,0.9910492175728673,0.996
FlowCut,VQAv2_MC,32,fata_aware,fata,fata,clean_clip_random_clip,image,1000,500,projector_trajectory,stage_trajectory,1000,500,0.07044616813803437,1.3313815921531909,0.009027259966993308,1.1746575479426138,0.77803,0.6463989042687235,0.314
FlowCut,VQAv2_MC,32,fata_aware,fata,fata,clean_clip_random_clip,image,1000,500,llm_trajectory,stage_trajectory,1000,500,0.18695219307482375,1.1829076487200487,-0.15413005161371496,0.649422203468873,0.747344,0.5508620720881159,0.18
FlowCut,VQAv2_MC,32,fata_aware,fata,fata,clean_clip_random_clip,image,1000,500,all_level_fused,fused,1000,500,0.15773422351329788,2.8666888123447913,0.023660583525762044,2.7426518868361414,0.956866,0.8937540449894122,0.718
FlowCut,VQAv2_Open,64,base_sanity,base,base,clean_clip_random_clip,image,1000,500,visual_trajectory,stage_trajectory,1000,500,-0.036817871056919214,7.214718220999808,-0.08417969668898871,7.321655458801038,0.999834,0.9996734740499416,1.0
FlowCut,VQAv2_Open,64,base_sanity,base,base,clean_clip_random_clip,image,1000,500,projector_trajectory,stage_trajectory,1000,500,0.02391567981411458,3.4394265128789856,-0.017613621427898293,3.4445462638961613,0.947978,0.9309385046288959,0.824
FlowCut,VQAv2_Open,64,base_sanity,base,base,clean_clip_random_clip,image,1000,500,llm_trajectory,stage_trajectory,1000,500,0.19772427774067852,2.6599453111048743,-0.014119640053103712,2.519469784444948,0.9322079999999999,0.8408155805705595,0.626
FlowCut,VQAv2_Open,64,base_sanity,base,base,clean_clip_random_clip,image,1000,500,all_level_fused,fused,1000,500,0.08761039471737722,6.311219109395456,0.017382080018121443,6.275557152428286,0.9991459999999999,0.9983226755965477,0.996
FlowCut,VQAv2_Open,64,fata_unseen_base_dir,base,fata,clean_clip_random_clip,image,1000,500,visual_trajectory,stage_trajectory,1000,500,-0.036817871056919214,4.074892950259062,-0.08417969668898871,4.151759699269142,0.991946,0.9843171612084339,0.982
FlowCut,VQAv2_Open,64,fata_unseen_base_dir,base,fata,clean_clip_random_clip,image,1000,500,projector_trajectory,stage_trajectory,1000,500,0.02391567981411458,0.9079046831883011,-0.017613621427898293,0.9013430348002052,0.721026,0.594200469353801,0.278
FlowCut,VQAv2_Open,64,fata_unseen_base_dir,base,fata,clean_clip_random_clip,image,1000,500,llm_trajectory,stage_trajectory,1000,500,0.19772427774067852,1.5011319528932676,-0.014119640053103712,1.3048148251498024,0.800932,0.6259527434135966,0.24
FlowCut,VQAv2_Open,64,fata_unseen_base_dir,base,fata,clean_clip_random_clip,image,1000,500,all_level_fused,fused,1000,500,0.08761039471737722,3.0735484115721072,0.017382080018121443,3.0251729056332843,0.967474,0.9280427787653907,0.82
FlowCut,VQAv2_Open,64,fata_aware,fata,fata,clean_clip_random_clip,image,1000,500,visual_trajectory,stage_trajectory,1000,500,-0.10042535248161033,3.5957066263305024,-0.17764810113552296,3.548270356897766,0.994236,0.9791354950516392,1.0
FlowCut,VQAv2_Open,64,fata_aware,fata,fata,clean_clip_random_clip,image,1000,500,projector_trajectory,stage_trajectory,1000,500,0.010593079005899635,1.603455638865797,-0.09197559744448403,1.4531396708888618,0.8458580000000001,0.7439434027919403,0.394
FlowCut,VQAv2_Open,64,fata_aware,fata,fata,clean_clip_random_clip,image,1000,500,llm_trajectory,stage_trajectory,1000,500,0.1050595065800467,1.1965544842987104,-0.15749812683831432,0.9169706816265906,0.778982,0.5847653496308691,0.186
FlowCut,VQAv2_Open,64,fata_aware,fata,fata,clean_clip_random_clip,image,1000,500,all_level_fused,fused,1000,500,0.006823033349067217,2.8657989520477014,-0.07871805243993618,2.755626562969989,0.967576,0.9142109973646396,0.78
PruMerge,ScienceQA_MC,32,base_sanity,base,base,clean_clip_random_clip,image,1000,500,visual_trajectory,stage_trajectory,1000,500,0.007487558017921629,5.467226388403708,-0.08201838788952276,5.43056052962857,0.9987180000000001,0.9973436053413159,0.998
PruMerge,ScienceQA_MC,32,base_sanity,base,base,clean_clip_random_clip,image,1000,500,projector_trajectory,stage_trajectory,1000,500,0.011707346231725254,2.969205112321917,-0.005612572600256232,2.9046586143617557,0.953596,0.92702691327081,0.822
PruMerge,ScienceQA_MC,32,base_sanity,base,base,clean_clip_random_clip,image,1000,500,llm_trajectory,stage_trajectory,1000,500,0.008985968160274482,1.848634817851343,0.0799970330088231,1.9097152855719073,0.892846,0.8350409567785243,0.652
PruMerge,ScienceQA_MC,32,base_sanity,base,base,clean_clip_random_clip,image,1000,500,all_level_fused,fused,1000,500,0.01241390877428968,4.530657289778719,-0.02219565859154063,4.651490083569357,0.992478,0.9817389188541668,0.972
PruMerge,ScienceQA_MC,32,fata_unseen_base_dir,base,fata,clean_clip_random_clip,image,1000,500,visual_trajectory,stage_trajectory,1000,500,0.007487558017921629,3.4110006432681748,-0.08201838788952276,3.188382275574899,0.9853820000000001,0.9607193864920125,0.968
PruMerge,ScienceQA_MC,32,fata_unseen_base_dir,base,fata,clean_clip_random_clip,image,1000,500,projector_trajectory,stage_trajectory,1000,500,0.011707346231725254,1.0261639329012444,-0.005612572600256232,0.9229660594136131,0.7700780000000002,0.629139282516411,0.268
PruMerge,ScienceQA_MC,32,fata_unseen_base_dir,base,fata,clean_clip_random_clip,image,1000,500,llm_trajectory,stage_trajectory,1000,500,0.008985968160274482,1.2319670264407223,0.0799970330088231,1.3742105752596163,0.816934,0.698000538640938,0.432
PruMerge,ScienceQA_MC,32,fata_unseen_base_dir,base,fata,clean_clip_random_clip,image,1000,500,all_level_fused,fused,1000,500,0.01241390877428968,2.4972996407119217,-0.02219565859154063,2.5782390654050014,0.95492,0.9069142617592888,0.8
PruMerge,ScienceQA_MC,32,fata_aware,fata,fata,clean_clip_random_clip,image,1000,500,visual_trajectory,stage_trajectory,1000,500,-0.013361307414977317,3.4748678291233905,-0.3169931853439568,3.2417595877401526,0.986468,0.9659302113084112,0.96
PruMerge,ScienceQA_MC,32,fata_aware,fata,fata,clean_clip_random_clip,image,1000,500,projector_trajectory,stage_trajectory,1000,500,0.024014152302099703,1.3771016950835404,-0.023902482766424763,1.3694579669273494,0.80772,0.7239689000746334,0.442
PruMerge,ScienceQA_MC,32,fata_aware,fata,fata,clean_clip_random_clip,image,1000,500,llm_trajectory,stage_trajectory,1000,500,0.007682402787325472,1.4207545456742559,0.104461328812677,1.5399264540067832,0.8372200000000001,0.752657052272731,0.544
PruMerge,ScienceQA_MC,32,fata_aware,fata,fata,clean_clip_random_clip,image,1000,500,all_level_fused,fused,1000,500,0.007473566393567616,2.55680319334429,0.13208077804285978,2.683091210018184,0.945466,0.9092896575840959,0.794
PruMerge,TextVQA_Open,64,base_sanity,base,base,clean_clip_random_clip,image,1000,500,visual_trajectory,stage_trajectory,1000,500,-0.008582576844006767,4.176932857396317,-0.07754323974731617,4.267538379690414,0.990286,0.9795528066882057,0.982
PruMerge,TextVQA_Open,64,base_sanity,base,base,clean_clip_random_clip,image,1000,500,projector_trajectory,stage_trajectory,1000,500,-0.044398384650574954,2.5398044976531398,-0.09481423567850916,2.614212765510885,0.93733,0.9071332476263068,0.75
PruMerge,TextVQA_Open,64,base_sanity,base,base,clean_clip_random_clip,image,1000,500,llm_trajectory,stage_trajectory,1000,500,-0.06486902750138275,1.8657455655946438,-0.07554845058031313,1.9322082512405157,0.91591,0.8677720759158881,0.662
PruMerge,TextVQA_Open,64,base_sanity,base,base,clean_clip_random_clip,image,1000,500,all_level_fused,fused,1000,500,-0.04184239248981756,3.047192638389158,-0.07126164975859162,3.132534376458586,0.974596,0.9635215136314629,0.93
PruMerge,TextVQA_Open,64,fata_unseen_base_dir,base,fata,clean_clip_random_clip,image,1000,500,visual_trajectory,stage_trajectory,1000,500,-0.008582576844006767,2.7545264179693802,-0.07754323974731617,2.7650368819425015,0.97807,0.9325283466529357,0.946
PruMerge,TextVQA_Open,64,fata_unseen_base_dir,base,fata,clean_clip_random_clip,image,1000,500,projector_trajectory,stage_trajectory,1000,500,-0.044398384650574954,1.0310438099460821,-0.09481423567850916,1.017506182468985,0.768794,0.6348284731463498,0.292
PruMerge,TextVQA_Open,64,fata_unseen_base_dir,base,fata,clean_clip_random_clip,image,1000,500,llm_trajectory,stage_trajectory,1000,500,-0.06486902750138275,1.0584256093225481,-0.07554845058031313,1.0479832834424552,0.79731,0.6708472726450875,0.308
PruMerge,TextVQA_Open,64,fata_unseen_base_dir,base,fata,clean_clip_random_clip,image,1000,500,all_level_fused,fused,1000,500,-0.04184239248981756,1.719850606415379,-0.07126164975859162,1.7110687925965533,0.906082,0.8294655677319404,0.588
PruMerge,TextVQA_Open,64,fata_aware,fata,fata,clean_clip_random_clip,image,1000,500,visual_trajectory,stage_trajectory,1000,500,-0.0050141029164495875,2.9185454808903204,-0.08552121912088466,2.9121975292847546,0.983312,0.9351985458469931,0.96
PruMerge,TextVQA_Open,64,fata_aware,fata,fata,clean_clip_random_clip,image,1000,500,projector_trajectory,stage_trajectory,1000,500,-0.06769725614082861,1.0907201170652367,-0.10459664237751584,1.052426821444917,0.776532,0.6714456082864795,0.348
PruMerge,TextVQA_Open,64,fata_aware,fata,fata,clean_clip_random_clip,image,1000,500,llm_trajectory,stage_trajectory,1000,500,-0.06653728427755999,1.1641902635529455,-0.1051813221702147,1.1517290575185266,0.8166059999999999,0.7067740146683267,0.374
PruMerge,TextVQA_Open,64,fata_aware,fata,fata,clean_clip_random_clip,image,1000,500,all_level_fused,fused,1000,500,-0.050874783646263536,1.890132940289051,-0.11595212707313057,1.8660950266847762,0.9253760000000001,0.8646619969121656,0.658
PruMerge,VQAv2_MC,32,base_sanity,base,base,clean_clip_random_clip,image,1000,500,visual_trajectory,stage_trajectory,1000,500,-0.024492243659388093,7.165702193591996,-0.024589467625835318,7.235907722941541,0.999984,0.9999679910873538,1.0
PruMerge,VQAv2_MC,32,base_sanity,base,base,clean_clip_random_clip,image,1000,500,projector_trajectory,stage_trajectory,1000,500,0.03821279890758846,3.4362443996447563,-0.007196207818401433,3.296309721601851,0.9734700000000001,0.9517044851196053,0.898
PruMerge,VQAv2_MC,32,base_sanity,base,base,clean_clip_random_clip,image,1000,500,llm_trajectory,stage_trajectory,1000,500,0.11919336176783019,2.007431054482224,0.13920452297980362,1.956274003364383,0.9227280000000001,0.8490486115316516,0.714
PruMerge,VQAv2_MC,32,base_sanity,base,base,clean_clip_random_clip,image,1000,500,all_level_fused,fused,1000,500,0.051480340627191805,4.883875751876158,0.034638189951146606,4.77211075462364,0.9976780000000001,0.9950392806693311,0.998
PruMerge,VQAv2_MC,32,fata_unseen_base_dir,base,fata,clean_clip_random_clip,image,1000,500,visual_trajectory,stage_trajectory,1000,500,-0.024492243659388093,4.197914388071382,-0.024589467625835318,4.111203079454697,0.998962,0.9977069881130217,1.0
PruMerge,VQAv2_MC,32,fata_unseen_base_dir,base,fata,clean_clip_random_clip,image,1000,500,projector_trajectory,stage_trajectory,1000,500,0.03821279890758846,1.241699145004982,-0.007196207818401433,1.2042281454330692,0.809974,0.6989249797307442,0.41
PruMerge,VQAv2_MC,32,fata_unseen_base_dir,base,fata,clean_clip_random_clip,image,1000,500,llm_trajectory,stage_trajectory,1000,500,0.11919336176783019,1.406428852944408,0.13920452297980362,1.4014708610442184,0.842322,0.7295901991551094,0.49
PruMerge,VQAv2_MC,32,fata_unseen_base_dir,base,fata,clean_clip_random_clip,image,1000,500,all_level_fused,fused,1000,500,0.051480340627191805,2.651615435711186,0.034638189951146606,2.6523401735177785,0.97356,0.9362003487429824,0.89
PruMerge,VQAv2_MC,32,fata_aware,fata,fata,clean_clip_random_clip,image,1000,500,visual_trajectory,stage_trajectory,1000,500,0.09095638229060063,3.8167695723995494,0.024877211184870317,3.8315718032582238,0.9961679999999999,0.9910492175728673,0.996
PruMerge,VQAv2_MC,32,fata_aware,fata,fata,clean_clip_random_clip,image,1000,500,projector_trajectory,stage_trajectory,1000,500,0.1349514905730304,1.4691534149583216,0.0809563788126128,1.4149569702637121,0.814948,0.699625781437887,0.41
PruMerge,VQAv2_MC,32,fata_aware,fata,fata,clean_clip_random_clip,image,1000,500,llm_trajectory,stage_trajectory,1000,500,0.12266853706587016,1.4303180318989404,0.1368964102295121,1.392592823439796,0.8452599999999999,0.7361390381746186,0.516
PruMerge,VQAv2_MC,32,fata_aware,fata,fata,clean_clip_random_clip,image,1000,500,all_level_fused,fused,1000,500,0.1338163294269531,2.57832341817237,0.1449633825542714,2.541540189010606,0.964336,0.9165289893404202,0.84
PruMerge,VQAv2_Open,64,base_sanity,base,base,clean_clip_random_clip,image,1000,500,visual_trajectory,stage_trajectory,1000,500,-0.036817871056919214,7.214718220999808,-0.08417969668898871,7.321655458801038,0.999834,0.9996734740499416,1.0
PruMerge,VQAv2_Open,64,base_sanity,base,base,clean_clip_random_clip,image,1000,500,projector_trajectory,stage_trajectory,1000,500,-0.0656189059276812,4.420890016431231,-0.10690889527172068,4.265249635477165,0.9873320000000001,0.9787105557573627,0.944
PruMerge,VQAv2_Open,64,base_sanity,base,base,clean_clip_random_clip,image,1000,500,llm_trajectory,stage_trajectory,1000,500,-0.20388729097274505,2.5625448816984027,-0.22943858379683724,2.5346390026370043,0.953598,0.9234514386450595,0.798
PruMerge,VQAv2_Open,64,base_sanity,base,base,clean_clip_random_clip,image,1000,500,all_level_fused,fused,1000,500,-0.11882013069577502,5.507325691066816,-0.1287956334934273,5.476132755342194,0.99774,0.9958957101688553,0.992
PruMerge,VQAv2_Open,64,fata_unseen_base_dir,base,fata,clean_clip_random_clip,image,1000,500,visual_trajectory,stage_trajectory,1000,500,-0.036817871056919214,4.074892950259062,-0.08417969668898871,4.151759699269142,0.991946,0.9843171612084339,0.982
PruMerge,VQAv2_Open,64,fata_unseen_base_dir,base,fata,clean_clip_random_clip,image,1000,500,projector_trajectory,stage_trajectory,1000,500,-0.0656189059276812,1.3777509187965828,-0.10690889527172068,1.360483787286876,0.807712,0.7011926301217007,0.376
PruMerge,VQAv2_Open,64,fata_unseen_base_dir,base,fata,clean_clip_random_clip,image,1000,500,llm_trajectory,stage_trajectory,1000,500,-0.20388729097274505,1.5254288608224356,-0.22943858379683724,1.5114273667634648,0.8445360000000002,0.7636726727230468,0.482
PruMerge,VQAv2_Open,64,fata_unseen_base_dir,base,fata,clean_clip_random_clip,image,1000,500,all_level_fused,fused,1000,500,-0.11882013069577502,2.7067266352841433,-0.1287956334934273,2.7139472327446055,0.956076,0.9159439588417133,0.796
PruMerge,VQAv2_Open,64,fata_aware,fata,fata,clean_clip_random_clip,image,1000,500,visual_trajectory,stage_trajectory,1000,500,-0.10042535248161033,3.5957066263305024,-0.17764810113552296,3.548270356897766,0.994236,0.9791354950516392,1.0
PruMerge,VQAv2_Open,64,fata_aware,fata,fata,clean_clip_random_clip,image,1000,500,projector_trajectory,stage_trajectory,1000,500,-0.15345183637540058,1.369655406848402,-0.1795865162039687,1.2943302498052225,0.798424,0.7180588120713506,0.4
PruMerge,VQAv2_Open,64,fata_aware,fata,fata,clean_clip_random_clip,image,1000,500,llm_trajectory,stage_trajectory,1000,500,-0.20738811254908,1.4457884816159425,-0.17518789911992427,1.447106744139492,0.837208,0.7592660096980264,0.448
PruMerge,VQAv2_Open,64,fata_aware,fata,fata,clean_clip_random_clip,image,1000,500,all_level_fused,fused,1000,500,-0.17363136379946423,2.41331139371232,-0.16888295195072087,2.382070419681799,0.9498979999999999,0.91075500822325,0.738
VisPruner,ScienceQA_MC,32,base_sanity,base,base,clean_clip_random_clip,image,1000,500,visual_trajectory,stage_trajectory,1000,500,0.007487558017921629,5.467226388403708,-0.08201838788952276,5.43056052962857,0.9987180000000001,0.9973436053413159,0.998
VisPruner,ScienceQA_MC,32,base_sanity,base,base,clean_clip_random_clip,image,1000,500,projector_trajectory,stage_trajectory,1000,500,-0.0010635950467761468,3.110971728768889,0.002780195109510146,3.0604107397581415,0.9484239999999999,0.9223108417513943,0.798
VisPruner,ScienceQA_MC,32,base_sanity,base,base,clean_clip_random_clip,image,1000,500,llm_trajectory,stage_trajectory,1000,500,-0.05055485442289232,2.4084595288848933,-0.17240963572105214,2.408221453584196,0.9475,0.9085219291101166,0.716
VisPruner,ScienceQA_MC,32,base_sanity,base,base,clean_clip_random_clip,image,1000,500,all_level_fused,fused,1000,500,-0.02045779559403965,5.0930944060011685,-0.16744813196896446,5.033043286446219,0.9975860000000001,0.995532355339902,0.992
VisPruner,ScienceQA_MC,32,fata_unseen_base_dir,base,fata,clean_clip_random_clip,image,1000,500,visual_trajectory,stage_trajectory,1000,500,0.007487558017921629,3.4110006432681748,-0.08201838788952276,3.188382275574899,0.9853820000000001,0.9607193864920125,0.968
VisPruner,ScienceQA_MC,32,fata_unseen_base_dir,base,fata,clean_clip_random_clip,image,1000,500,projector_trajectory,stage_trajectory,1000,500,-0.0010635950467761468,1.0115596188640392,0.002780195109510146,0.9490123362933672,0.767594,0.6163836009450797,0.248
VisPruner,ScienceQA_MC,32,fata_unseen_base_dir,base,fata,clean_clip_random_clip,image,1000,500,llm_trajectory,stage_trajectory,1000,500,-0.05055485442289232,1.213995368296908,-0.17240963572105214,1.1827915389161583,0.83283,0.6776547599142285,0.294
VisPruner,ScienceQA_MC,32,fata_unseen_base_dir,base,fata,clean_clip_random_clip,image,1000,500,all_level_fused,fused,1000,500,-0.02045779559403965,2.612942978227278,-0.16744813196896446,2.577319809638291,0.9655900000000001,0.9209571330545155,0.76
VisPruner,ScienceQA_MC,32,fata_aware,fata,fata,clean_clip_random_clip,image,1000,500,visual_trajectory,stage_trajectory,1000,500,-0.013361307414977317,3.4748678291233905,-0.3169931853439568,3.2417595877401526,0.986468,0.9659302113084112,0.96
VisPruner,ScienceQA_MC,32,fata_aware,fata,fata,clean_clip_random_clip,image,1000,500,projector_trajectory,stage_trajectory,1000,500,0.06844513085398796,0.9499781011886175,0.1771220574050703,0.9377605186712517,0.737214,0.6194620610585657,0.352
VisPruner,ScienceQA_MC,32,fata_aware,fata,fata,clean_clip_random_clip,image,1000,500,llm_trajectory,stage_trajectory,1000,500,0.034069584678114995,1.3938161183925808,-0.16841561551298512,1.236941262319513,0.822724,0.6821904318908039,0.344
VisPruner,ScienceQA_MC,32,fata_aware,fata,fata,clean_clip_random_clip,image,1000,500,all_level_fused,fused,1000,500,0.04672690320294484,3.0496653359933728,0.06812266723739463,3.03097867398864,0.9749279999999999,0.9522981025917157,0.838
VisPruner,TextVQA_Open,64,base_sanity,base,base,clean_clip_random_clip,image,1000,500,visual_trajectory,stage_trajectory,1000,500,-0.008582576844006767,4.176932857396317,-0.07754323974731617,4.267538379690414,0.990286,0.9795528066882057,0.982
VisPruner,TextVQA_Open,64,base_sanity,base,base,clean_clip_random_clip,image,1000,500,projector_trajectory,stage_trajectory,1000,500,0.023505476449412224,3.0099130576269855,-0.04545672713597115,2.915807604093269,0.948736,0.9124161506789963,0.756
VisPruner,TextVQA_Open,64,base_sanity,base,base,clean_clip_random_clip,image,1000,500,llm_trajectory,stage_trajectory,1000,500,0.008174847011338759,2.4276735447522233,0.019736263286173807,2.259129148176689,0.923778,0.883414569481829,0.672
VisPruner,TextVQA_Open,64,base_sanity,base,base,clean_clip_random_clip,image,1000,500,all_level_fused,fused,1000,500,0.009835320524956316,4.093987268514384,0.00860812571198714,4.0215238728198415,0.99202,0.9849437237544464,0.958
VisPruner,TextVQA_Open,64,fata_unseen_base_dir,base,fata,clean_clip_random_clip,image,1000,500,visual_trajectory,stage_trajectory,1000,500,-0.008582576844006767,2.7545264179693802,-0.07754323974731617,2.7650368819425015,0.97807,0.9325283466529357,0.946
VisPruner,TextVQA_Open,64,fata_unseen_base_dir,base,fata,clean_clip_random_clip,image,1000,500,projector_trajectory,stage_trajectory,1000,500,0.023505476449412224,0.8589987686812842,-0.04545672713597115,0.824092912527802,0.733506,0.5372093683982537,0.17
VisPruner,TextVQA_Open,64,fata_unseen_base_dir,base,fata,clean_clip_random_clip,image,1000,500,llm_trajectory,stage_trajectory,1000,500,0.008174847011338759,0.7313606094399091,0.019736263286173807,0.6855761499576531,0.695256,0.5150334119684871,0.156
VisPruner,TextVQA_Open,64,fata_unseen_base_dir,base,fata,clean_clip_random_clip,image,1000,500,all_level_fused,fused,1000,500,0.009835320524956316,1.8501088074930263,0.00860812571198714,1.7996309379146662,0.917156,0.8252415450729622,0.58
VisPruner,TextVQA_Open,64,fata_aware,fata,fata,clean_clip_random_clip,image,1000,500,visual_trajectory,stage_trajectory,1000,500,-0.0050141029164495875,2.9185454808903204,-0.08552121912088466,2.9121975292847546,0.983312,0.9351985458469931,0.96
VisPruner,TextVQA_Open,64,fata_aware,fata,fata,clean_clip_random_clip,image,1000,500,projector_trajectory,stage_trajectory,1000,500,-0.01581159380795511,1.0530615956306717,-0.06498701955345364,0.9687140997279351,0.7755139999999999,0.6013113522123752,0.23
VisPruner,TextVQA_Open,64,fata_aware,fata,fata,clean_clip_random_clip,image,1000,500,llm_trajectory,stage_trajectory,1000,500,-0.014762376298047268,1.2370473490327696,-0.049464454997306784,1.1978968549663818,0.828394,0.6979727102943463,0.354
VisPruner,TextVQA_Open,64,fata_aware,fata,fata,clean_clip_random_clip,image,1000,500,all_level_fused,fused,1000,500,-0.014762839859483592,2.1606826286809344,-0.0799385938755221,2.1548296600013925,0.9496119999999999,0.8980097996297971,0.762
VisPruner,VQAv2_MC,32,base_sanity,base,base,clean_clip_random_clip,image,1000,500,visual_trajectory,stage_trajectory,1000,500,-0.024492243659388093,7.165702193591996,-0.024589467625835318,7.235907722941541,0.999984,0.9999679910873538,1.0
VisPruner,VQAv2_MC,32,base_sanity,base,base,clean_clip_random_clip,image,1000,500,projector_trajectory,stage_trajectory,1000,500,-0.03021952288188197,3.1731097358942457,-0.10470748892755283,3.2477685996638748,0.9645520000000001,0.943880567377871,0.834
VisPruner,VQAv2_MC,32,base_sanity,base,base,clean_clip_random_clip,image,1000,500,llm_trajectory,stage_trajectory,1000,500,0.04390745852611806,2.323541422781333,0.010705824782641975,2.214936476954203,0.9289360000000001,0.8757315438660295,0.68
VisPruner,VQAv2_MC,32,base_sanity,base,base,clean_clip_random_clip,image,1000,500,all_level_fused,fused,1000,500,-0.004783470117155929,5.606096085792612,-0.041394715646347335,5.611948451506637,0.999606,0.99922248395362,1.0
VisPruner,VQAv2_MC,32,fata_unseen_base_dir,base,fata,clean_clip_random_clip,image,1000,500,visual_trajectory,stage_trajectory,1000,500,-0.024492243659388093,4.197914388071382,-0.024589467625835318,4.111203079454697,0.998962,0.9977069881130217,1.0
VisPruner,VQAv2_MC,32,fata_unseen_base_dir,base,fata,clean_clip_random_clip,image,1000,500,projector_trajectory,stage_trajectory,1000,500,-0.03021952288188197,0.562113524641651,-0.10470748892755283,0.46030689351043813,0.664098,0.4936002970412412,0.148
VisPruner,VQAv2_MC,32,fata_unseen_base_dir,base,fata,clean_clip_random_clip,image,1000,500,llm_trajectory,stage_trajectory,1000,500,0.04390745852611806,0.5451265823794941,0.010705824782641975,0.44751459999263554,0.653408,0.4597583868827301,0.14
VisPruner,VQAv2_MC,32,fata_unseen_base_dir,base,fata,clean_clip_random_clip,image,1000,500,all_level_fused,fused,1000,500,-0.004783470117155929,2.348789756695364,-0.041394715646347335,2.3119363866830875,0.960726,0.9210854406397946,0.788
VisPruner,VQAv2_MC,32,fata_aware,fata,fata,clean_clip_random_clip,image,1000,500,visual_trajectory,stage_trajectory,1000,500,0.09095638229060063,3.8167695723995494,0.024877211184870317,3.8315718032582238,0.9961679999999999,0.9910492175728673,0.996
VisPruner,VQAv2_MC,32,fata_aware,fata,fata,clean_clip_random_clip,image,1000,500,projector_trajectory,stage_trajectory,1000,500,0.10218294016377785,1.2737915444246042,0.1291797773284669,1.2521599953641567,0.776084,0.6627290331155041,0.284
VisPruner,VQAv2_MC,32,fata_aware,fata,fata,clean_clip_random_clip,image,1000,500,llm_trajectory,stage_trajectory,1000,500,0.08538461375477994,1.1249309696961183,-0.06850217065270114,0.890862786484176,0.77574,0.6050006706859768,0.2
VisPruner,VQAv2_MC,32,fata_aware,fata,fata,clean_clip_random_clip,image,1000,500,all_level_fused,fused,1000,500,0.12116060292752061,2.703799102309494,0.11081461917813096,2.730934359750721,0.969732,0.9474678298611118,0.876
VisPruner,VQAv2_Open,64,base_sanity,base,base,clean_clip_random_clip,image,1000,500,visual_trajectory,stage_trajectory,1000,500,-0.036817871056919214,7.214718220999808,-0.08417969668898871,7.321655458801038,0.999834,0.9996734740499416,1.0
VisPruner,VQAv2_Open,64,base_sanity,base,base,clean_clip_random_clip,image,1000,500,projector_trajectory,stage_trajectory,1000,500,0.1270004319470815,3.851741808363609,0.10504424901506676,3.7862496073458844,0.9718420000000001,0.9544281320456953,0.862
VisPruner,VQAv2_Open,64,base_sanity,base,base,clean_clip_random_clip,image,1000,500,llm_trajectory,stage_trajectory,1000,500,0.2519017165299499,3.2074735839322233,0.07967049194596257,3.1188579217295875,0.947256,0.9013717279392758,0.696
VisPruner,VQAv2_Open,64,base_sanity,base,base,clean_clip_random_clip,image,1000,500,all_level_fused,fused,1000,500,0.14297545562265446,5.965846127976652,0.1063440465168573,5.9693131684730725,0.998424,0.9968918513032899,0.998
VisPruner,VQAv2_Open,64,fata_unseen_base_dir,base,fata,clean_clip_random_clip,image,1000,500,visual_trajectory,stage_trajectory,1000,500,-0.036817871056919214,4.074892950259062,-0.08417969668898871,4.151759699269142,0.991946,0.9843171612084339,0.982
VisPruner,VQAv2_Open,64,fata_unseen_base_dir,base,fata,clean_clip_random_clip,image,1000,500,projector_trajectory,stage_trajectory,1000,500,0.1270004319470815,0.8920874652570132,0.10504424901506676,0.8496331313842067,0.693646,0.521139621845804,0.156
VisPruner,VQAv2_Open,64,fata_unseen_base_dir,base,fata,clean_clip_random_clip,image,1000,500,llm_trajectory,stage_trajectory,1000,500,0.2519017165299499,0.9678120593474266,0.07967049194596257,0.8526792053803469,0.692172,0.4682995072571222,0.078
VisPruner,VQAv2_Open,64,fata_unseen_base_dir,base,fata,clean_clip_random_clip,image,1000,500,all_level_fused,fused,1000,500,0.14297545562265446,2.4804696214594952,0.1063440465168573,2.476074563269753,0.9477599999999999,0.8851089662454371,0.704
VisPruner,VQAv2_Open,64,fata_aware,fata,fata,clean_clip_random_clip,image,1000,500,visual_trajectory,stage_trajectory,1000,500,-0.10042535248161033,3.5957066263305024,-0.17764810113552296,3.548270356897766,0.994236,0.9791354950516392,1.0
VisPruner,VQAv2_Open,64,fata_aware,fata,fata,clean_clip_random_clip,image,1000,500,projector_trajectory,stage_trajectory,1000,500,0.00403696808730124,1.1905676502028992,-0.006038080087780317,1.1048583067794229,0.7681819999999999,0.6230728291681563,0.252
VisPruner,VQAv2_Open,64,fata_aware,fata,fata,clean_clip_random_clip,image,1000,500,llm_trajectory,stage_trajectory,1000,500,0.1853612431612989,1.4569594463114186,0.11092286002757396,1.3575887605682282,0.7650660000000001,0.6346494340973392,0.238
VisPruner,VQAv2_Open,64,fata_aware,fata,fata,clean_clip_random_clip,image,1000,500,all_level_fused,fused,1000,500,0.038056246944347824,2.670410365368783,0.02042854607983933,2.5988357705694773,0.957812,0.9285852558389154,0.798
VisionZIP,ScienceQA_MC,32,base_sanity,base,base,clean_clip_random_clip,image,1000,500,visual_trajectory,stage_trajectory,1000,500,0.007487558017921629,5.467226388403708,-0.08201838788952276,5.43056052962857,0.9987180000000001,0.9973436053413159,0.998
VisionZIP,ScienceQA_MC,32,base_sanity,base,base,clean_clip_random_clip,image,1000,500,projector_trajectory,stage_trajectory,1000,500,0.021923138656694367,2.4095338455285273,-0.10427140050476726,2.2360190223201335,0.927686,0.8301693591424977,0.664
VisionZIP,ScienceQA_MC,32,base_sanity,base,base,clean_clip_random_clip,image,1000,500,llm_trajectory,stage_trajectory,1000,500,0.04468428410629641,1.165596227225569,-0.036130773785818845,0.9626080127007546,0.8263200000000002,0.6647004930926179,0.328
VisionZIP,ScienceQA_MC,32,base_sanity,base,base,clean_clip_random_clip,image,1000,500,all_level_fused,fused,1000,500,0.030978648953687894,3.780552792807812,-0.1478377028650742,3.725388298485008,0.9778060000000001,0.9421528545668184,0.89
VisionZIP,ScienceQA_MC,32,fata_unseen_base_dir,base,fata,clean_clip_random_clip,image,1000,500,visual_trajectory,stage_trajectory,1000,500,0.007487558017921629,3.4110006432681748,-0.08201838788952276,3.188382275574899,0.9853820000000001,0.9607193864920125,0.968
VisionZIP,ScienceQA_MC,32,fata_unseen_base_dir,base,fata,clean_clip_random_clip,image,1000,500,projector_trajectory,stage_trajectory,1000,500,0.021923138656694367,0.8151612755823492,-0.10427140050476726,0.603449957297967,0.7433000000000001,0.5483435505793004,0.132
VisionZIP,ScienceQA_MC,32,fata_unseen_base_dir,base,fata,clean_clip_random_clip,image,1000,500,llm_trajectory,stage_trajectory,1000,500,0.04468428410629641,0.9095692254879777,-0.036130773785818845,0.7090687789231653,0.753226,0.5857115801893588,0.22
VisionZIP,ScienceQA_MC,32,fata_unseen_base_dir,base,fata,clean_clip_random_clip,image,1000,500,all_level_fused,fused,1000,500,0.030978648953687894,2.147217133525051,-0.1478377028650742,1.9995447400658783,0.9307059999999999,0.8017314945662062,0.47
VisionZIP,ScienceQA_MC,32,fata_aware,fata,fata,clean_clip_random_clip,image,1000,500,visual_trajectory,stage_trajectory,1000,500,-0.013361307414977317,3.4748678291233905,-0.3169931853439568,3.2417595877401526,0.986468,0.9659302113084112,0.96
VisionZIP,ScienceQA_MC,32,fata_aware,fata,fata,clean_clip_random_clip,image,1000,500,projector_trajectory,stage_trajectory,1000,500,0.03803349770964135,1.0807225069000896,-0.10913663762655051,0.8148302667554584,0.7694580000000001,0.6068207600756106,0.332
VisionZIP,ScienceQA_MC,32,fata_aware,fata,fata,clean_clip_random_clip,image,1000,500,llm_trajectory,stage_trajectory,1000,500,0.042790075760968604,1.006963652447478,-0.04810076549384697,0.7790271132170536,0.765782,0.6066888363801165,0.26
VisionZIP,ScienceQA_MC,32,fata_aware,fata,fata,clean_clip_random_clip,image,1000,500,all_level_fused,fused,1000,500,0.026816166794367744,2.211108287327661,-0.020981153410704417,2.1440873436051344,0.928356,0.8221937321007134,0.65
VisionZIP,TextVQA_Open,64,base_sanity,base,base,clean_clip_random_clip,image,1000,500,visual_trajectory,stage_trajectory,1000,500,-0.008582576844006767,4.176932857396317,-0.07754323974731617,4.267538379690414,0.990286,0.9795528066882057,0.982
VisionZIP,TextVQA_Open,64,base_sanity,base,base,clean_clip_random_clip,image,1000,500,projector_trajectory,stage_trajectory,1000,500,-0.03290265953964647,2.396505784078109,-0.0821042745739019,2.417223704685135,0.929592,0.8904790951958073,0.746
VisionZIP,TextVQA_Open,64,base_sanity,base,base,clean_clip_random_clip,image,1000,500,llm_trajectory,stage_trajectory,1000,500,-0.06319715428898875,1.5607747615788166,-0.14247816420175635,1.514954237643238,0.8698720000000001,0.7857259557426375,0.524
VisionZIP,TextVQA_Open,64,base_sanity,base,base,clean_clip_random_clip,image,1000,500,all_level_fused,fused,1000,500,-0.03691363753269731,2.868327741127788,-0.10673415306677958,2.912434678086572,0.969268,0.9485261408655107,0.92
VisionZIP,TextVQA_Open,64,fata_unseen_base_dir,base,fata,clean_clip_random_clip,image,1000,500,visual_trajectory,stage_trajectory,1000,500,-0.008582576844006767,2.7545264179693802,-0.07754323974731617,2.7650368819425015,0.97807,0.9325283466529357,0.946
VisionZIP,TextVQA_Open,64,fata_unseen_base_dir,base,fata,clean_clip_random_clip,image,1000,500,projector_trajectory,stage_trajectory,1000,500,-0.03290265953964647,0.8289834065969481,-0.0821042745739019,0.750492752601952,0.726934,0.5762855728903044,0.272
VisionZIP,TextVQA_Open,64,fata_unseen_base_dir,base,fata,clean_clip_random_clip,image,1000,500,llm_trajectory,stage_trajectory,1000,500,-0.06319715428898875,0.7660683292184828,-0.14247816420175635,0.7188769952905736,0.7253,0.5702470495614952,0.246
VisionZIP,TextVQA_Open,64,fata_unseen_base_dir,base,fata,clean_clip_random_clip,image,1000,500,all_level_fused,fused,1000,500,-0.03691363753269731,1.5337703921096277,-0.10673415306677958,1.4688997433693733,0.8833959999999998,0.7828056170648451,0.544
VisionZIP,TextVQA_Open,64,fata_aware,fata,fata,clean_clip_random_clip,image,1000,500,visual_trajectory,stage_trajectory,1000,500,-0.0050141029164495875,2.9185454808903204,-0.08552121912088466,2.9121975292847546,0.983312,0.9351985458469931,0.96
VisionZIP,TextVQA_Open,64,fata_aware,fata,fata,clean_clip_random_clip,image,1000,500,projector_trajectory,stage_trajectory,1000,500,-0.06414529149057059,0.8745795116041255,-0.10610217852271,0.8289852523947596,0.738458,0.6053281710949808,0.262
VisionZIP,TextVQA_Open,64,fata_aware,fata,fata,clean_clip_random_clip,image,1000,500,llm_trajectory,stage_trajectory,1000,500,-0.0732879494848165,0.8093687151255988,-0.16041187643494262,0.7574666228408018,0.739394,0.5861612785485704,0.256
VisionZIP,TextVQA_Open,64,fata_aware,fata,fata,clean_clip_random_clip,image,1000,500,all_level_fused,fused,1000,500,-0.05153061674705242,1.6649614717153078,-0.13675124176986114,1.6048170891229385,0.9036639999999999,0.811117475207763,0.566
VisionZIP,VQAv2_MC,32,base_sanity,base,base,clean_clip_random_clip,image,1000,500,visual_trajectory,stage_trajectory,1000,500,-0.024492243659388093,7.165702193591996,-0.024589467625835318,7.235907722941541,0.999984,0.9999679910873538,1.0
VisionZIP,VQAv2_MC,32,base_sanity,base,base,clean_clip_random_clip,image,1000,500,projector_trajectory,stage_trajectory,1000,500,0.0903027787601527,2.7715264718353736,-0.03039491236217476,2.4910224976882787,0.92153,0.8649187629725994,0.594
VisionZIP,VQAv2_MC,32,base_sanity,base,base,clean_clip_random_clip,image,1000,500,llm_trajectory,stage_trajectory,1000,500,0.09684523447931412,1.2067756980194595,-0.07885242084067111,0.8385602627941137,0.7923720000000001,0.6418949690677928,0.164
VisionZIP,VQAv2_MC,32,base_sanity,base,base,clean_clip_random_clip,image,1000,500,all_level_fused,fused,1000,500,0.06313091720075016,4.325276739766661,-0.023079016872631735,4.101952759615234,0.994712,0.9891125090234796,0.974
VisionZIP,VQAv2_MC,32,fata_unseen_base_dir,base,fata,clean_clip_random_clip,image,1000,500,visual_trajectory,stage_trajectory,1000,500,-0.024492243659388093,4.197914388071382,-0.024589467625835318,4.111203079454697,0.998962,0.9977069881130217,1.0
VisionZIP,VQAv2_MC,32,fata_unseen_base_dir,base,fata,clean_clip_random_clip,image,1000,500,projector_trajectory,stage_trajectory,1000,500,0.0903027787601527,1.075066344296434,-0.03039491236217476,0.8177194556307443,0.733462,0.5840295910774502,0.186
VisionZIP,VQAv2_MC,32,fata_unseen_base_dir,base,fata,clean_clip_random_clip,image,1000,500,llm_trajectory,stage_trajectory,1000,500,0.09684523447931412,0.9183883630950936,-0.07885242084067111,0.5644070078673442,0.728556,0.5660280292986702,0.164
VisionZIP,VQAv2_MC,32,fata_unseen_base_dir,base,fata,clean_clip_random_clip,image,1000,500,all_level_fused,fused,1000,500,0.06313091720075016,2.4030307116312932,-0.023079016872631735,2.245772117785196,0.9474440000000001,0.884947941077757,0.64
VisionZIP,VQAv2_MC,32,fata_aware,fata,fata,clean_clip_random_clip,image,1000,500,visual_trajectory,stage_trajectory,1000,500,0.09095638229060063,3.8167695723995494,0.024877211184870317,3.8315718032582238,0.9961679999999999,0.9910492175728673,0.996
VisionZIP,VQAv2_MC,32,fata_aware,fata,fata,clean_clip_random_clip,image,1000,500,projector_trajectory,stage_trajectory,1000,500,0.15080478431412778,1.2050682229905973,-0.02580021923704235,0.8573680691066403,0.7439739999999999,0.5928372662542865,0.192
VisionZIP,VQAv2_MC,32,fata_aware,fata,fata,clean_clip_random_clip,image,1000,500,llm_trajectory,stage_trajectory,1000,500,0.09450752459366372,0.9314866394745325,-0.09959892297030339,0.6010573839178405,0.733908,0.5621078682965156,0.162
VisionZIP,VQAv2_MC,32,fata_aware,fata,fata,clean_clip_random_clip,image,1000,500,all_level_fused,fused,1000,500,0.1290240934667888,2.2842515774652377,0.008562251416253672,2.1099911449987494,0.928374,0.8423483622436697,0.5
VisionZIP,VQAv2_Open,64,base_sanity,base,base,clean_clip_random_clip,image,1000,500,visual_trajectory,stage_trajectory,1000,500,-0.036817871056919214,7.214718220999808,-0.08417969668898871,7.321655458801038,0.999834,0.9996734740499416,1.0
VisionZIP,VQAv2_Open,64,base_sanity,base,base,clean_clip_random_clip,image,1000,500,projector_trajectory,stage_trajectory,1000,500,0.00015014475857775978,3.9145273980191995,-0.007203627651870761,3.72408601111334,0.9765259999999999,0.9554781117552701,0.874
VisionZIP,VQAv2_Open,64,base_sanity,base,base,clean_clip_random_clip,image,1000,500,llm_trajectory,stage_trajectory,1000,500,-0.14846831926229614,1.7895906879587022,-0.1924925813321577,1.7173806482397747,0.871742,0.7801317399360994,0.496
VisionZIP,VQAv2_Open,64,base_sanity,base,base,clean_clip_random_clip,image,1000,500,all_level_fused,fused,1000,500,-0.07131728887899796,4.9765370006428675,-0.049100384435208214,4.940231800384203,0.99489,0.9891851752354616,0.984
VisionZIP,VQAv2_Open,64,fata_unseen_base_dir,base,fata,clean_clip_random_clip,image,1000,500,visual_trajectory,stage_trajectory,1000,500,-0.036817871056919214,4.074892950259062,-0.08417969668898871,4.151759699269142,0.991946,0.9843171612084339,0.982
VisionZIP,VQAv2_Open,64,fata_unseen_base_dir,base,fata,clean_clip_random_clip,image,1000,500,projector_trajectory,stage_trajectory,1000,500,0.00015014475857775978,1.2253009335934548,-0.007203627651870761,1.17133993383938,0.767678,0.6386717440813439,0.272
VisionZIP,VQAv2_Open,64,fata_unseen_base_dir,base,fata,clean_clip_random_clip,image,1000,500,llm_trajectory,stage_trajectory,1000,500,-0.14846831926229614,1.0253198954635485,-0.1924925813321577,0.9298580140510065,0.7329220000000001,0.6052638251554221,0.258
VisionZIP,VQAv2_Open,64,fata_unseen_base_dir,base,fata,clean_clip_random_clip,image,1000,500,all_level_fused,fused,1000,500,-0.07131728887899796,2.436686449370073,-0.049100384435208214,2.341347416866732,0.9350620000000001,0.8679444782856917,0.658
VisionZIP,VQAv2_Open,64,fata_aware,fata,fata,clean_clip_random_clip,image,1000,500,visual_trajectory,stage_trajectory,1000,500,-0.10042535248161033,3.5957066263305024,-0.17764810113552296,3.548270356897766,0.994236,0.9791354950516392,1.0
VisionZIP,VQAv2_Open,64,fata_aware,fata,fata,clean_clip_random_clip,image,1000,500,projector_trajectory,stage_trajectory,1000,500,-0.12035105729172939,1.216385963453325,-0.11973569679850479,1.0442356852166983,0.758726,0.6579302667977673,0.348
VisionZIP,VQAv2_Open,64,fata_aware,fata,fata,clean_clip_random_clip,image,1000,500,llm_trajectory,stage_trajectory,1000,500,-0.17154260161909998,0.9910601112980674,-0.1952527391876768,0.9101698335912669,0.7326919999999999,0.6091737221119794,0.232
VisionZIP,VQAv2_Open,64,fata_aware,fata,fata,clean_clip_random_clip,image,1000,500,all_level_fused,fused,1000,500,-0.14530152808388994,2.1492890496909576,-0.16708082604157765,1.9907172525662793,0.921454,0.8501180146258074,0.626
