Dataset,Method,Budget,Clean,Attack,Gap
TextVQA_Open,NoCompression,Full,87.575150,81.229125,6.346025
TextVQA_Open,VisionZIP,1/3,81.563126,64.595858,16.967268
TextVQA_Open,VisionZIP,2/9,69.271877,50.701403,18.570474
TextVQA_Open,VisionZIP,1/9,51.837007,31.930528,19.906480
TextVQA_Open,VisionZIP,1/18,35.571142,20.741483,14.829659
TextVQA_Open,VisionZIP,1/36,24.014696,14.863059,9.151637
TextVQA_Open,VisPruner,1/3,66.032064,43.987976,22.044088
TextVQA_Open,VisPruner,2/9,56.479626,32.965932,23.513694
TextVQA_Open,VisPruner,1/9,41.616566,22.812291,18.804275
TextVQA_Open,VisPruner,1/18,30.594522,16.867067,13.727455
TextVQA_Open,VisPruner,1/36,22.211089,14.061456,8.149633
TextVQA_Open,DivPrune,1/3,49.465598,35.003340,14.462258
TextVQA_Open,DivPrune,2/9,40.080160,27.120908,12.959252
TextVQA_Open,DivPrune,1/9,26.519706,20.006680,6.513026
TextVQA_Open,DivPrune,1/18,20.741483,14.662659,6.078824
TextVQA_Open,DivPrune,1/36,15.263861,12.525050,2.738811
TextVQA_Open,FlowCut,1/3,78.356713,62.024048,16.332665
TextVQA_Open,FlowCut,2/9,67.301269,48.029392,19.271877
TextVQA_Open,FlowCut,1/9,49.198397,26.786907,22.411490
TextVQA_Open,FlowCut,1/18,34.569138,17.468270,17.100868
TextVQA_Open,FlowCut,1/36,21.108884,13.092852,8.016032
TextVQA_Open,PruMerge,1/3,82.331329,65.330661,17.000668
TextVQA_Open,PruMerge,2/9,68.837675,52.404810,16.432866
TextVQA_Open,PruMerge,1/9,47.327989,33.366733,13.961256
TextVQA_Open,PruMerge,1/18,28.523714,22.077488,6.446226
TextVQA_Open,PruMerge,1/36,17.100868,15.731463,1.369405
VQAv2_Open,NoCompression,Full,79.100000,70.000000,9.100000
VQAv2_Open,VisionZIP,1/3,77.800000,66.700000,11.100000
VQAv2_Open,VisionZIP,2/9,75.100000,62.366667,12.733333
VQAv2_Open,VisionZIP,1/9,71.133333,53.100000,18.033333
VQAv2_Open,VisionZIP,1/18,61.366667,43.233333,18.133333
VQAv2_Open,VisionZIP,1/36,47.833333,35.533333,12.300000
VQAv2_Open,VisPruner,1/3,75.900000,62.166667,13.733333
VQAv2_Open,VisPruner,2/9,73.066667,58.566667,14.500000
VQAv2_Open,VisPruner,1/9,66.200000,48.200000,18.000000
VQAv2_Open,VisPruner,1/18,56.566667,39.733333,16.833333
VQAv2_Open,VisPruner,1/36,49.000000,34.633333,14.366667
VQAv2_Open,DivPrune,1/3,77.433333,61.966667,15.466667
VQAv2_Open,DivPrune,2/9,74.000000,57.533333,16.466667
VQAv2_Open,DivPrune,1/9,65.133333,50.866667,14.266667
VQAv2_Open,DivPrune,1/18,57.100000,41.200000,15.900000
VQAv2_Open,DivPrune,1/36,44.233333,32.866667,11.366667
VQAv2_Open,FlowCut,1/3,75.833333,61.900000,13.933333
VQAv2_Open,FlowCut,2/9,73.866667,57.666667,16.200000
VQAv2_Open,FlowCut,1/9,66.500000,47.566667,18.933333
VQAv2_Open,FlowCut,1/18,56.800000,39.066667,17.733333
VQAv2_Open,FlowCut,1/36,41.400000,31.133333,10.266667
VQAv2_Open,PruMerge,1/3,76.933333,66.066667,10.866667
VQAv2_Open,PruMerge,2/9,74.200000,64.200000,10.000000
VQAv2_Open,PruMerge,1/9,69.866667,56.933333,12.933333
VQAv2_Open,PruMerge,1/18,57.733333,45.866667,11.866667
VQAv2_Open,PruMerge,1/36,46.833333,37.133333,9.700000
ScienceQA_MC,NoCompression,Full,98.700000,96.600000,2.100000
ScienceQA_MC,VisionZIP,1/3,97.100000,91.900000,5.200000
ScienceQA_MC,VisionZIP,2/9,92.800000,82.600000,10.200000
ScienceQA_MC,VisionZIP,1/9,81.600000,66.600000,15.000000
ScienceQA_MC,VisionZIP,1/18,68.100000,57.400000,10.700000
ScienceQA_MC,VisionZIP,1/36,58.700000,53.900000,4.800000
ScienceQA_MC,VisPruner,1/3,95.200000,88.600000,6.600000
ScienceQA_MC,VisPruner,2/9,90.300000,77.200000,13.100000
ScienceQA_MC,VisPruner,1/9,78.100000,61.000000,17.100000
ScienceQA_MC,VisPruner,1/18,67.900000,57.500000,10.400000
ScienceQA_MC,VisPruner,1/36,63.900000,54.300000,9.600000
ScienceQA_MC,DivPrune,1/3,93.000000,85.800000,7.200000
ScienceQA_MC,DivPrune,2/9,90.100000,82.300000,7.800000
ScienceQA_MC,DivPrune,1/9,85.900000,65.200000,20.700000
ScienceQA_MC,DivPrune,1/18,70.900000,58.900000,12.000000
ScienceQA_MC,DivPrune,1/36,58.600000,54.100000,4.500000
ScienceQA_MC,FlowCut,1/3,95.000000,88.800000,6.200000
ScienceQA_MC,FlowCut,2/9,90.000000,78.300000,11.700000
ScienceQA_MC,FlowCut,1/9,74.200000,59.700000,14.500000
ScienceQA_MC,FlowCut,1/18,64.500000,54.800000,9.700000
ScienceQA_MC,FlowCut,1/36,53.600000,51.500000,2.100000
ScienceQA_MC,PruMerge,1/3,93.500000,88.100000,5.400000
ScienceQA_MC,PruMerge,2/9,87.700000,81.900000,5.800000
ScienceQA_MC,PruMerge,1/9,75.400000,70.200000,5.200000
ScienceQA_MC,PruMerge,1/18,67.900000,60.700000,7.200000
ScienceQA_MC,PruMerge,1/36,56.700000,55.100000,1.600000
VQAv2_MC,NoCompression,Full,96.700000,93.300000,3.400000
VQAv2_MC,VisionZIP,1/3,96.000000,91.200000,4.800000
VQAv2_MC,VisionZIP,2/9,93.900000,89.100000,4.800000
VQAv2_MC,VisionZIP,1/9,90.700000,82.100000,8.600000
VQAv2_MC,VisionZIP,1/18,84.500000,72.800000,11.700000
VQAv2_MC,VisionZIP,1/36,75.800000,64.000000,11.800000
VQAv2_MC,VisPruner,1/3,94.500000,89.600000,4.900000
VQAv2_MC,VisPruner,2/9,93.400000,85.200000,8.200000
VQAv2_MC,VisPruner,1/9,91.300000,78.400000,12.900000
VQAv2_MC,VisPruner,1/18,84.600000,72.700000,11.900000
VQAv2_MC,VisPruner,1/36,76.900000,65.600000,11.300000
VQAv2_MC,DivPrune,1/3,94.900000,87.600000,7.300000
VQAv2_MC,DivPrune,2/9,93.000000,85.500000,7.500000
VQAv2_MC,DivPrune,1/9,88.600000,81.900000,6.700000
VQAv2_MC,DivPrune,1/18,83.200000,73.400000,9.800000
VQAv2_MC,DivPrune,1/36,75.900000,65.200000,10.700000
VQAv2_MC,FlowCut,1/3,94.500000,88.500000,6.000000
VQAv2_MC,FlowCut,2/9,92.700000,85.900000,6.800000
VQAv2_MC,FlowCut,1/9,87.900000,77.800000,10.100000
VQAv2_MC,FlowCut,1/18,80.000000,69.400000,10.600000
VQAv2_MC,FlowCut,1/36,69.900000,63.200000,6.700000
VQAv2_MC,PruMerge,1/3,94.800000,90.000000,4.800000
VQAv2_MC,PruMerge,2/9,93.400000,88.700000,4.700000
VQAv2_MC,PruMerge,1/9,89.600000,82.700000,6.900000
VQAv2_MC,PruMerge,1/18,81.900000,73.500000,8.400000
VQAv2_MC,PruMerge,1/36,74.500000,66.700000,7.800000
